metric,language,year,month,repo_count,total_stars
month_wise_trend,TypeScript,2023,4,4,211360
month_wise_trend,Python,2024,7,9,246674
month_wise_trend,Python,2022,12,13,318122
month_wise_trend,C,2022,9,2,27331
month_wise_trend,MDX,2022,12,1,73241
month_wise_trend,Dart,2023,2,1,15441
month_wise_trend,HTML,2023,11,1,13834
month_wise_trend,Rust,2022,8,3,100808
month_wise_trend,C++,2022,7,1,13275
month_wise_trend,Jupyter Notebook,2022,5,1,11122
month_wise_trend,JavaScript,2022,11,1,27871
month_wise_trend,C++,2022,6,1,9223
month_wise_trend,Scala,2023,3,1,73003
month_wise_trend,C++,2024,7,1,8987
month_wise_trend,Python,2024,1,16,308533
month_wise_trend,Python,2024,8,9,185863
month_wise_trend,Dart,2024,5,1,23551
month_wise_trend,Go,2024,8,1,8518
month_wise_trend,HTML,2022,9,1,14453
month_wise_trend,Dockerfile,2022,12,1,8359
month_wise_trend,Go,2024,12,2,20446
month_wise_trend,JavaScript,2022,8,3,53841
month_wise_trend,Python,2023,10,9,347711
month_wise_trend,Vue,2023,10,1,14823
month_wise_trend,TypeScript,2023,7,2,39567
month_wise_trend,Python,2024,9,6,111173
month_wise_trend,Jupyter Notebook,2022,10,1,15938
month_wise_trend,Rust,2024,6,2,29118
month_wise_trend,Dart,2024,9,1,9251
month_wise_trend,Astro,2022,7,1,9200
month_wise_trend,Java,2022,11,1,125207
month_wise_trend,Rust,2022,7,2,28261
month_wise_trend,PHP,2024,7,1,9546
month_wise_trend,Jupyter Notebook,2023,4,4,96077
month_wise_trend,Swift,2022,12,1,8251
month_wise_trend,Python,2024,4,6,178769
month_wise_trend,Rust,2023,9,1,13324
month_wise_trend,TypeScript,2024,2,10,223067
month_wise_trend,Go,2023,10,2,36909
month_wise_trend,Rust,2023,5,2,100520
month_wise_trend,Java,2023,10,2,52571
month_wise_trend,Rust,2023,2,2,40417
month_wise_trend,Shell,2024,5,2,44729
month_wise_trend,C++,2024,8,1,25605
month_wise_trend,Shell,2024,3,1,11810
month_wise_trend,Go,2024,4,1,33356
month_wise_trend,JavaScript,2024,11,2,33241
month_wise_trend,Rust,2022,4,3,34186
month_wise_trend,C,2022,12,1,9877
month_wise_trend,Python,2023,1,4,172477
month_wise_trend,C++,2023,3,2,180836
month_wise_trend,JavaScript,2023,6,1,58248
month_wise_trend,HTML,2022,12,1,159593
month_wise_trend,Rust,2023,10,1,83195
month_wise_trend,Python,2022,5,8,148347
month_wise_trend,Python,2023,8,15,365843
month_wise_trend,JavaScript,2023,11,1,18996
month_wise_trend,Shell,2024,1,2,59056
month_wise_trend,JavaScript,2024,3,2,81707
month_wise_trend,Shell,2022,9,1,11478
month_wise_trend,C++,2022,4,1,8260
month_wise_trend,Python,2024,2,12,274085
month_wise_trend,Lua,2024,8,1,17767
month_wise_trend,Swift,2022,3,1,22775
month_wise_trend,Swift,2022,7,1,11099
month_wise_trend,Jupyter Notebook,2022,9,2,38000
month_wise_trend,Shell,2024,12,1,26216
month_wise_trend,Jupyter Notebook,2024,12,1,14675
month_wise_trend,Python,2022,9,9,226886
month_wise_trend,Dart,2023,8,1,35985
month_wise_trend,TypeScript,2022,8,9,228469
month_wise_trend,JavaScript,2022,9,3,66678
month_wise_trend,Python,2024,5,7,151572
month_wise_trend,Ruby,2024,3,1,8653
month_wise_trend,Jupyter Notebook,2023,11,2,70652
month_wise_trend,HTML,2024,5,1,157050
month_wise_trend,Dart,2023,4,1,13706
month_wise_trend,Shell,2022,8,1,10493
month_wise_trend,Svelte,2022,7,1,39534
month_wise_trend,Jupyter Notebook,2024,6,1,25045
month_wise_trend,TypeScript,2023,9,1,14155
month_wise_trend,Dart,2023,6,1,12917
month_wise_trend,SystemVerilog,2024,4,1,12182
month_wise_trend,Rust,2024,12,2,19272
month_wise_trend,TypeScript,2022,2,3,127392
month_wise_trend,Python,2023,4,15,330555
month_wise_trend,HTML,2023,5,1,23975
month_wise_trend,C,2023,7,2,36500
month_wise_trend,TypeScript,2022,4,4,72522
month_wise_trend,MDX,2024,9,1,39040
month_wise_trend,Go,2024,9,1,24762
month_wise_trend,Swift,2022,1,1,9220
month_wise_trend,JavaScript,2024,7,1,11810
month_wise_trend,HTML,2022,7,1,20474
month_wise_trend,Swift,2023,3,1,14974
month_wise_trend,Jupyter Notebook,2022,2,1,12908
month_wise_trend,Python,2023,7,5,155551
month_wise_trend,Rust,2023,6,2,44457
month_wise_trend,JavaScript,2023,8,1,12608
month_wise_trend,Kotlin,2022,6,1,9425
month_wise_trend,Jupyter Notebook,2023,5,2,28532
month_wise_trend,Go,2023,6,1,168845
month_wise_trend,JavaScript,2022,1,1,8951
month_wise_trend,C,2024,3,2,33775
month_wise_trend,C#,2022,6,1,8074
month_wise_trend,Batchfile,2024,10,1,25906
month_wise_trend,Go,2023,11,1,26534
month_wise_trend,MDX,2023,6,1,20701
month_wise_trend,Dart,2024,3,1,8063
month_wise_trend,TypeScript,2023,1,2,188945
month_wise_trend,TypeScript,2024,5,2,71205
month_wise_trend,Mojo,2023,4,1,25872
month_wise_trend,TypeScript,2024,7,7,143624
month_wise_trend,Rust,2024,7,1,11207
month_wise_trend,Kotlin,2024,7,1,14361
month_wise_trend,Shell,2024,10,1,8737
month_wise_trend,Jupyter Notebook,2023,8,2,51139
month_wise_trend,TypeScript,2024,4,12,317501
month_wise_trend,Jupyter Notebook,2023,6,3,148300
month_wise_trend,Python,2022,8,6,285392
month_wise_trend,Rust,2023,4,1,14250
month_wise_trend,Swift,2024,8,1,8214
month_wise_trend,TypeScript,2022,11,3,83371
month_wise_trend,JavaScript,2024,4,1,23405
month_wise_trend,CSS,2023,3,1,12957
month_wise_trend,Objective-C,2022,9,1,21201
month_wise_trend,C#,2022,10,1,11636
month_wise_trend,Vue,2023,2,1,31732
month_wise_trend,Svelte,2024,10,1,8956
month_wise_trend,Lua,2022,6,1,30191
month_wise_trend,Kotlin,2022,5,1,8309
month_wise_trend,Go,2024,2,1,8331
month_wise_trend,Dart,2023,10,1,14744
month_wise_trend,Java,2023,6,2,36975
month_wise_trend,Dockerfile,2022,9,1,15071
month_wise_trend,SVG,2022,3,1,12046
month_wise_trend,Go,2022,8,2,24258
month_wise_trend,Java,2023,12,1,31626
month_wise_trend,Rust,2024,2,1,16352
month_wise_trend,Go,2024,10,1,9476
month_wise_trend,Rust,2022,3,2,19109
month_wise_trend,Go,2023,8,1,28362
month_wise_trend,Go,2024,1,1,40598
month_wise_trend,JavaScript,2023,7,2,50998
month_wise_trend,C++,2023,11,1,25375
month_wise_trend,HTML,2024,9,1,11443
month_wise_trend,Go,2022,10,2,16543
month_wise_trend,HTML,2023,2,1,33964
month_wise_trend,Rust,2022,12,3,96701
month_wise_trend,C#,2023,8,2,25044
month_wise_trend,JavaScript,2024,8,1,37988
month_wise_trend,C++,2022,8,1,9233
month_wise_trend,Jupyter Notebook,2023,2,1,19066
month_wise_trend,HTML,2022,5,3,36000
month_wise_trend,HTML,2024,2,1,26141
month_wise_trend,PowerShell,2024,6,1,11310
month_wise_trend,JavaScript,2023,3,1,14905
month_wise_trend,Lua,2022,2,1,14237
month_wise_trend,Lua,2022,11,1,20721
month_wise_trend,TypeScript,2024,1,6,64503
month_wise_trend,Python,2022,4,3,51468
month_wise_trend,Rust,2022,1,2,19720
month_wise_trend,C,2022,5,2,33774
month_wise_trend,TypeScript,2022,3,8,100613
month_wise_trend,Jupyter Notebook,2023,7,3,169001
month_wise_trend,Swift,2023,11,1,12313
month_wise_trend,TypeScript,2023,8,3,76146
month_wise_trend,TypeScript,2024,8,7,110685
month_wise_trend,TypeScript,2023,3,8,282240
month_wise_trend,C++,2022,3,2,45893
month_wise_trend,Python,2023,5,15,435823
month_wise_trend,Zig,2023,2,1,28618
month_wise_trend,JavaScript,2023,9,1,23599
month_wise_trend,Python,2024,3,8,312600
month_wise_trend,Solidity,2022,4,1,13927
month_wise_trend,Python,2023,11,2,97610
month_wise_trend,TypeScript,2024,10,7,113320
month_wise_trend,Java,2024,9,1,9212
month_wise_trend,Kotlin,2024,1,2,30252
month_wise_trend,C++,2022,9,5,93853
month_wise_trend,Jupyter Notebook,2022,7,3,36004
month_wise_trend,Zig,2022,3,1,50622
month_wise_trend,Kotlin,2022,12,1,15987
month_wise_trend,Svelte,2024,11,1,14586
month_wise_trend,Kotlin,2022,3,2,40921
month_wise_trend,Jupyter Notebook,2024,5,3,64544
month_wise_trend,Go,2024,7,1,20858
month_wise_trend,Dart,2022,11,1,25946
month_wise_trend,Python,2022,2,4,84258
month_wise_trend,C,2023,12,1,32175
month_wise_trend,Go,2024,3,1,17116
month_wise_trend,Jupyter Notebook,2022,8,3,93413
month_wise_trend,TypeScript,2022,12,6,128067
month_wise_trend,Dockerfile,2022,2,1,19210
month_wise_trend,Jupyter Notebook,2024,4,4,86824
month_wise_trend,Kotlin,2022,7,1,16901
month_wise_trend,C++,2022,5,1,15348
month_wise_trend,Python,2022,7,1,8851
month_wise_trend,Jupyter Notebook,2023,3,3,85557
month_wise_trend,Go,2022,6,3,75379
month_wise_trend,Java,2024,1,1,11266
month_wise_trend,TypeScript,2023,10,2,38197
month_wise_trend,Python,2024,10,9,246213
month_wise_trend,Jupyter Notebook,2022,11,4,56897
month_wise_trend,JavaScript,2022,10,1,8524
month_wise_trend,TypeScript,2023,11,6,249423
month_wise_trend,MDX,2024,6,1,9247
month_wise_trend,JavaScript,2022,12,1,9137
month_wise_trend,Java,2023,1,1,13991
month_wise_trend,Python,2023,9,4,141724
month_wise_trend,HTML,2024,1,1,13534
month_wise_trend,C#,2023,2,2,40475
month_wise_trend,Python,2023,12,4,120051
month_wise_trend,Swift,2022,11,1,12822
month_wise_trend,TypeScript,2024,9,7,133353
month_wise_trend,JavaScript,2023,4,2,48260
month_wise_trend,C++,2023,9,1,24130
month_wise_trend,TypeScript,2022,5,5,78129
month_wise_trend,TypeScript,2022,6,3,45854
month_wise_trend,JavaScript,2023,2,3,59122
month_wise_trend,JavaScript,2022,2,1,16636
month_wise_trend,Makefile,2022,10,1,8022
month_wise_trend,TypeScript,2023,2,6,129905
month_wise_trend,Go,2024,6,1,14538
month_wise_trend,Ruby,2024,1,1,54073
month_wise_trend,TypeScript,2022,1,4,82805
month_wise_trend,Python,2023,6,9,272593
month_wise_trend,Jupyter Notebook,2022,3,2,92436
month_wise_trend,Swift,2023,5,1,20229
month_wise_trend,PHP,2024,3,1,14847
month_wise_trend,Rust,2023,11,1,25576
month_wise_trend,Cuda,2024,4,1,29551
month_wise_trend,Shell,2024,11,1,27592
month_wise_trend,Go,2022,7,4,121027
month_wise_trend,C,2022,3,3,45755
month_wise_trend,Python,2022,10,6,207553
month_wise_trend,Jupyter Notebook,2024,1,2,16827
month_wise_trend,Jupyter Notebook,2024,10,1,33491
month_wise_trend,Dart,2024,8,1,12779
month_wise_trend,Go,2023,1,1,14837
month_wise_trend,Rust,2024,5,1,9262
month_wise_trend,PHP,2024,1,1,8407
month_wise_trend,Rust,2022,5,1,9937
month_wise_trend,Shell,2023,9,1,18862
month_wise_trend,MATLAB,2022,8,1,15293
month_wise_trend,TypeScript,2022,9,2,31148
month_wise_trend,PowerShell,2023,2,1,18398
month_wise_trend,Swift,2023,8,1,27258
month_wise_trend,JavaScript,2022,5,1,8698
month_wise_trend,TypeScript,2024,3,6,91814
month_wise_trend,Ruby,2023,1,2,26015
month_wise_trend,Jupyter Notebook,2024,7,2,45681
month_wise_trend,CSS,2022,6,1,30804
month_wise_trend,Dart,2023,5,1,28589
month_wise_trend,Go,2022,1,1,17089
month_wise_trend,Java,2023,11,1,23293
month_wise_trend,Vue,2023,6,1,12693
month_wise_trend,Python,2024,6,8,124968
month_wise_trend,Dart,2022,8,1,16422
month_wise_trend,TypeScript,2024,6,6,84544
month_wise_trend,Rust,2022,9,1,14888
month_wise_trend,Python,2024,12,9,239124
month_wise_trend,Jupyter Notebook,2024,9,2,45821
month_wise_trend,JavaScript,2024,6,1,9175
month_wise_trend,Python,2024,11,8,239583
month_wise_trend,Vue,2024,12,1,8795
month_wise_trend,TypeScript,2023,5,5,176060
month_wise_trend,Python,2022,6,3,40609
month_wise_trend,QML,2022,12,1,13886
month_wise_trend,Jupyter Notebook,2023,10,2,24980
month_wise_trend,Shell,2024,6,1,19462
month_wise_trend,TypeScript,2022,10,2,30155
month_wise_trend,Python,2022,3,3,68782
month_wise_trend,C++,2024,5,1,62343
month_wise_trend,TypeScript,2024,12,3,66152
month_wise_trend,Python,2023,3,24,788227
month_wise_trend,Rust,2023,8,3,59995
month_wise_trend,Go,2023,4,1,21025
month_wise_trend,TypeScript,2023,12,1,14055
month_wise_trend,Kotlin,2022,4,4,68972
month_wise_trend,Kotlin,2022,8,1,9382
month_wise_trend,JavaScript,2022,7,1,9075
month_wise_trend,HTML,2023,8,1,35830
month_wise_trend,Go,2023,9,1,16505
month_wise_trend,MDX,2024,5,1,36770
month_wise_trend,Java,2022,4,1,16751
month_wise_trend,Lua,2022,7,1,10192
month_wise_trend,Go,2022,11,1,8689
month_wise_trend,Go,2024,11,1,8582
month_wise_trend,Dart,2022,12,1,78161
month_wise_trend,Shell,2022,10,1,11097
month_wise_trend,Python,2023,2,11,426235
month_wise_trend,Rust,2024,8,1,41810
month_wise_trend,Jupyter Notebook,2022,1,1,14835
month_wise_trend,Cuda,2022,12,1,10259
month_wise_trend,Kotlin,2023,7,1,37770
month_wise_trend,TypeScript,2022,7,3,66236
month_wise_trend,C,2024,12,1,12732
month_wise_trend,Rust,2023,3,2,45730
month_wise_trend,Go,2022,2,1,9528
month_wise_trend,Ruby,2023,7,1,11716
month_wise_trend,Go,2022,9,3,47154
month_wise_trend,Text,2022,4,1,21694
month_wise_trend,TypeScript,2024,11,4,149496
month_wise_trend,Shell,2022,6,1,10451
month_wise_trend,PowerShell,2022,4,1,51780
month_wise_trend,Lua,2022,12,1,25852
month_wise_trend,Rust,2023,7,3,81939
month_wise_trend,Rust,2022,10,3,117614
month_wise_trend,Vue,2022,3,1,8723
month_wise_trend,Vue,2022,4,1,7996
month_wise_trend,C++,2022,10,2,39829
month_wise_trend,Elixir,2022,6,1,10066
month_wise_trend,Rust,2024,3,1,11252
month_wise_trend,Swift,2024,4,1,8161
month_wise_trend,Python,2022,11,7,218225
month_wise_trend,Shell,2023,7,1,14781
month_wise_trend,TypeScript,2023,6,3,75468
month_wise_trend,Jupyter Notebook,2024,3,2,25463
month_wise_trend,Kotlin,2023,3,1,20000
month_wise_trend,Jupyter Notebook,2024,8,2,32166
month_wise_trend,Go,2023,3,1,45362
month_wise_trend,Rust,2023,1,3,65369
month_wise_trend,Jupyter Notebook,2024,11,1,56606
month_wise_trend,Kotlin,2024,9,1,26468
month_wise_trend,Go,2022,3,4,49486
month_wise_trend,Cuda,2022,1,2,28585
month_wise_trend,Go,2023,2,1,68629
month_wise_trend,HTML,2022,11,1,14359
month_wise_trend,C,2024,7,1,17016
topic_trend,web,2022,3,1,15908
topic_trend,web,2022,4,1,12617
topic_trend,ai,2024,3,3,99903
topic_trend,ai,2022,10,3,176786
topic_trend,ai,2023,11,2,35819
topic_trend,blockchain,2023,5,1,74142
topic_trend,ai,2022,4,1,12494
topic_trend,ai,2022,9,2,24747
topic_trend,ai,2022,2,1,8343
topic_trend,ai,2024,8,3,75164
topic_trend,web,2022,12,2,61895
topic_trend,web,2022,10,1,28290
topic_trend,ai,2022,11,1,14526
topic_trend,ai,2023,5,9,317316
topic_trend,ai,2023,12,2,91991
topic_trend,ai,2024,4,4,178125
topic_trend,ai,2022,12,5,299353
topic_trend,blockchain,2022,11,1,16930
topic_trend,ai,2023,7,2,108959
topic_trend,ai,2022,7,1,44570
topic_trend,ai,2023,9,1,90173
topic_trend,ai,2023,3,10,369701
topic_trend,blockchain,2022,4,1,13927
topic_trend,ai,2024,1,2,48700
topic_trend,ai,2024,11,2,39566
topic_trend,blockchain,2024,4,1,31501
topic_trend,ai,2022,8,2,205445
topic_trend,ai,2023,1,1,108661
topic_trend,ai,2022,5,1,39402
topic_trend,ai,2023,2,4,106726
topic_trend,web,2023,7,1,24357
topic_trend,ai,2024,2,3,121227
topic_trend,ai,2024,12,5,58037
topic_trend,ai,2024,6,7,107589
topic_trend,ai,2023,10,4,217694
topic_trend,web,2024,8,1,37988
topic_trend,web,2022,8,2,182911
topic_trend,ai,2024,10,4,103824
topic_trend,ai,2023,6,5,230301
topic_trend,ai,2023,4,7,316636
topic_trend,ai,2024,7,8,182409
topic_trend,ai,2023,8,6,174087
topic_trend,ai,2024,9,1,21197
topic_trend,blockchain,2022,3,1,29464
topic_trend,web,2024,2,1,16352
topic_trend,ai,2022,6,1,12662
stars_ge_500,Python,2022,8,1,162350
stars_ge_500,HTML,2022,12,1,159593
stars_ge_500,Python,2022,10,1,133437
stars_ge_500,Java,2022,11,1,125207
stars_ge_500,TypeScript,2022,2,1,97789
stars_ge_500,Python,2022,9,1,97683
stars_ge_500,Dart,2022,12,1,78161
stars_ge_500,MDX,2022,12,1,73241
stars_ge_500,Jupyter Notebook,2022,8,1,72875
stars_ge_500,Jupyter Notebook,2022,3,1,72718
stars_ge_500,TypeScript,2022,8,1,67232
stars_ge_500,Python,2022,11,1,63541
stars_ge_500,Go,2022,7,1,57590
stars_ge_500,Python,2022,12,1,56618
stars_ge_500,Python,2022,9,1,55843
stars_ge_500,Rust,2022,12,1,54351
stars_ge_500,PowerShell,2022,4,1,51780
stars_ge_500,Zig,2022,3,1,50622
stars_ge_500,C++,2022,9,1,48575
stars_ge_500,Python,2022,11,1,48558
stars_ge_500,TypeScript,2022,11,1,47739
stars_ge_500,Rust,2022,10,1,47738
stars_ge_500,Rust,2022,8,1,47030
stars_ge_500,Python,2022,12,1,46486
stars_ge_500,TypeScript,2022,7,1,44570
stars_ge_500,TypeScript,2022,12,1,43928
stars_ge_500,TypeScript,2022,1,1,43864
stars_ge_500,Python,2022,3,1,43272
stars_ge_500,Python,2022,8,1,43095
stars_ge_500,JavaScript,2022,9,1,42874
stars_ge_500,Rust,2022,10,1,42465
stars_ge_500,Svelte,2022,7,1,39534
stars_ge_500,Python,2022,5,1,39402
stars_ge_500,Python,2022,2,1,38055
stars_ge_500,Python,2022,11,1,37997
stars_ge_500,Python,2022,12,1,37419
stars_ge_500,Python,2022,8,1,35148
stars_ge_500,C++,2022,3,1,35045
stars_ge_500,Go,2022,7,1,34957
stars_ge_500,Python,2022,5,1,33315
stars_ge_500,Rust,2022,8,1,33217
stars_ge_500,Rust,2022,12,1,32840
stars_ge_500,Go,2022,6,1,32572
stars_ge_500,CSS,2022,6,1,30804
stars_ge_500,C++,2022,10,1,30746
stars_ge_500,Lua,2022,6,1,30191
stars_ge_500,Python,2022,12,1,29865
stars_ge_500,JavaScript,2022,8,1,29514
stars_ge_500,TypeScript,2022,3,1,29464
stars_ge_500,TypeScript,2022,5,1,28796
stars_ge_500,Python,2022,10,1,28290
stars_ge_500,Python,2022,12,1,27946
stars_ge_500,JavaScript,2022,11,1,27871
stars_ge_500,Rust,2022,10,1,27411
stars_ge_500,Kotlin,2022,3,1,27371
stars_ge_500,TypeScript,2022,8,1,26989
stars_ge_500,Dart,2022,11,1,25946
stars_ge_500,TypeScript,2022,4,1,25912
stars_ge_500,TypeScript,2022,8,1,25855
stars_ge_500,Lua,2022,12,1,25852
stars_ge_500,Kotlin,2022,4,1,25637
stars_ge_500,Python,2022,4,1,25164
stars_ge_500,TypeScript,2022,8,1,24203
stars_ge_500,Go,2022,9,1,23416
stars_ge_500,TypeScript,2022,8,1,23383
stars_ge_500,Go,2022,6,1,23336
stars_ge_500,Python,2022,5,1,23333
stars_ge_500,Swift,2022,3,1,22775
stars_ge_500,Text,2022,4,1,21694
stars_ge_500,TypeScript,2022,12,1,21691
stars_ge_500,Jupyter Notebook,2022,9,1,21400
stars_ge_500,Jupyter Notebook,2022,11,1,21383
stars_ge_500,C,2022,3,1,21374
stars_ge_500,Python,2022,12,1,21267
stars_ge_500,Objective-C,2022,9,1,21201
stars_ge_500,Go,2022,3,1,21188
stars_ge_500,TypeScript,2022,11,1,21106
stars_ge_500,Kotlin,2022,4,1,21024
stars_ge_500,Python,2022,11,1,20931
stars_ge_500,Lua,2022,11,1,20721
stars_ge_500,Rust,2022,8,1,20561
stars_ge_500,HTML,2022,7,1,20474
stars_ge_500,Python,2022,8,1,20025
stars_ge_500,Jupyter Notebook,2022,3,1,19718
stars_ge_500,Go,2022,6,1,19471
stars_ge_500,Go,2022,7,1,19336
stars_ge_500,Dockerfile,2022,2,1,19210
stars_ge_500,TypeScript,2022,10,1,19191
stars_ge_500,Python,2022,2,1,19164
stars_ge_500,Python,2022,2,1,18696
stars_ge_500,Python,2022,12,1,18669
stars_ge_500,Python,2022,9,1,18652
stars_ge_500,TypeScript,2022,9,1,18389
stars_ge_500,TypeScript,2022,8,1,18373
stars_ge_500,TypeScript,2022,12,1,18125
stars_ge_500,TypeScript,2022,12,1,17967
stars_ge_500,Python,2022,12,1,17892
stars_ge_500,Python,2022,6,1,17882
stars_ge_500,TypeScript,2022,4,1,17868
stars_ge_500,TypeScript,2022,6,1,17853
stars_ge_500,Python,2022,11,1,17825
stars_ge_500,Cuda,2022,1,1,17360
stars_ge_500,Go,2022,1,1,17089
stars_ge_500,Jupyter Notebook,2022,11,1,16930
stars_ge_500,Kotlin,2022,7,1,16901
stars_ge_500,C,2022,5,1,16891
stars_ge_500,C,2022,5,1,16883
stars_ge_500,Java,2022,4,1,16751
stars_ge_500,Python,2022,12,1,16679
stars_ge_500,JavaScript,2022,2,1,16636
stars_ge_500,C,2022,9,1,16603
stars_ge_500,Jupyter Notebook,2022,9,1,16600
stars_ge_500,TypeScript,2022,4,1,16470
stars_ge_500,Dart,2022,8,1,16422
stars_ge_500,HTML,2022,5,1,16231
stars_ge_500,TypeScript,2022,2,1,16001
stars_ge_500,Kotlin,2022,12,1,15987
stars_ge_500,TypeScript,2022,6,1,15946
stars_ge_500,Jupyter Notebook,2022,10,1,15938
stars_ge_500,Python,2022,3,1,15908
stars_ge_500,Python,2022,12,1,15802
stars_ge_500,Python,2022,11,1,15649
stars_ge_500,Go,2022,9,1,15464
stars_ge_500,C++,2022,5,1,15348
stars_ge_500,TypeScript,2022,8,1,15305
stars_ge_500,MATLAB,2022,8,1,15293
stars_ge_500,C,2022,3,1,15107
stars_ge_500,Dockerfile,2022,9,1,15071
stars_ge_500,TypeScript,2022,1,1,14997
stars_ge_500,Python,2022,4,1,14984
stars_ge_500,Rust,2022,9,1,14888
stars_ge_500,Rust,2022,7,1,14861
stars_ge_500,Jupyter Notebook,2022,1,1,14835
stars_ge_500,Python,2022,8,1,14748
stars_ge_500,TypeScript,2022,11,1,14526
stars_ge_500,HTML,2022,9,1,14453
stars_ge_500,C++,2022,9,1,14427
stars_ge_500,HTML,2022,11,1,14359
stars_ge_500,Lua,2022,2,1,14237
stars_ge_500,Jupyter Notebook,2022,7,1,14115
stars_ge_500,TypeScript,2022,8,1,14075
stars_ge_500,JavaScript,2022,8,1,14011
stars_ge_500,Python,2022,10,1,14003
stars_ge_500,Solidity,2022,4,1,13927
stars_ge_500,QML,2022,12,1,13886
stars_ge_500,TypeScript,2022,5,1,13789
stars_ge_500,Python,2022,11,1,13724
stars_ge_500,TypeScript,2022,2,1,13602
stars_ge_500,JavaScript,2022,9,1,13550
stars_ge_500,Kotlin,2022,3,1,13550
stars_ge_500,Rust,2022,7,1,13400
stars_ge_500,C++,2022,7,1,13275
stars_ge_500,TypeScript,2022,1,1,13265
stars_ge_500,TypeScript,2022,12,1,13244
stars_ge_500,TypeScript,2022,12,1,13112
stars_ge_500,TypeScript,2022,8,1,13054
stars_ge_500,TypeScript,2022,5,1,12966
stars_ge_500,Jupyter Notebook,2022,2,1,12908
stars_ge_500,Swift,2022,11,1,12822
stars_ge_500,Go,2022,8,1,12797
stars_ge_500,Python,2022,12,1,12768
stars_ge_500,TypeScript,2022,9,1,12759
stars_ge_500,Python,2022,6,1,12662
stars_ge_500,Python,2022,5,1,12632
stars_ge_500,Rust,2022,4,1,12617
stars_ge_500,Kotlin,2022,4,1,12494
stars_ge_500,TypeScript,2022,7,1,12489
stars_ge_500,TypeScript,2022,5,1,12288
stars_ge_500,TypeScript,2022,4,1,12272
stars_ge_500,Python,2022,10,1,12172
stars_ge_500,TypeScript,2022,6,1,12055
stars_ge_500,SVG,2022,3,1,12046
stars_ge_500,Jupyter Notebook,2022,7,1,12039
stars_ge_500,TypeScript,2022,3,1,11924
stars_ge_500,Python,2022,9,1,11701
stars_ge_500,C#,2022,10,1,11636
stars_ge_500,C++,2022,9,1,11535
stars_ge_500,Shell,2022,9,1,11478
stars_ge_500,Go,2022,8,1,11461
stars_ge_500,Python,2022,5,1,11442
stars_ge_500,Python,2022,4,1,11320
stars_ge_500,Cuda,2022,1,1,11225
stars_ge_500,Jupyter Notebook,2022,8,1,11195
stars_ge_500,C++,2022,9,1,11177
stars_ge_500,Python,2022,5,1,11122
stars_ge_500,Jupyter Notebook,2022,5,1,11122
stars_ge_500,Swift,2022,7,1,11099
stars_ge_500,Shell,2022,10,1,11097
stars_ge_500,Rust,2022,4,1,11045
stars_ge_500,Go,2022,3,1,10985
stars_ge_500,TypeScript,2022,10,1,10964
stars_ge_500,Rust,2022,3,1,10891
stars_ge_500,C++,2022,3,1,10848
stars_ge_500,Python,2022,10,1,10831
stars_ge_500,Rust,2022,1,1,10793
stars_ge_500,TypeScript,2022,3,1,10775
stars_ge_500,C,2022,9,1,10728
stars_ge_500,TypeScript,2022,3,1,10681
stars_ge_500,TypeScript,2022,1,1,10679
stars_ge_500,TypeScript,2022,3,1,10644
stars_ge_500,Rust,2022,4,1,10524
stars_ge_500,Shell,2022,8,1,10493
stars_ge_500,Shell,2022,6,1,10451
stars_ge_500,HTML,2022,5,1,10421
stars_ge_500,JavaScript,2022,8,1,10316
stars_ge_500,TypeScript,2022,5,1,10290
stars_ge_500,Cuda,2022,12,1,10259
stars_ge_500,JavaScript,2022,9,1,10254
stars_ge_500,Lua,2022,7,1,10192
stars_ge_500,Elixir,2022,6,1,10066
stars_ge_500,Python,2022,6,1,10065
stars_ge_500,Python,2022,8,1,10026
stars_ge_500,Rust,2022,5,1,9937
stars_ge_500,C,2022,12,1,9877
stars_ge_500,Jupyter Notebook,2022,7,1,9850
stars_ge_500,Kotlin,2022,4,1,9817
stars_ge_500,Python,2022,3,1,9602
stars_ge_500,Go,2022,2,1,9528
stars_ge_500,Rust,2022,12,1,9510
stars_ge_500,Kotlin,2022,6,1,9425
stars_ge_500,Kotlin,2022,8,1,9382
stars_ge_500,TypeScript,2022,3,1,9356
stars_ge_500,HTML,2022,5,1,9348
stars_ge_500,Jupyter Notebook,2022,8,1,9343
stars_ge_500,TypeScript,2022,3,1,9340
stars_ge_500,Jupyter Notebook,2022,11,1,9316
stars_ge_500,Python,2022,9,1,9288
stars_ge_500,C,2022,3,1,9274
stars_ge_500,Jupyter Notebook,2022,11,1,9268
stars_ge_500,C++,2022,8,1,9233
stars_ge_500,C++,2022,6,1,9223
stars_ge_500,Swift,2022,1,1,9220
stars_ge_500,Astro,2022,7,1,9200
stars_ge_500,TypeScript,2022,7,1,9177
stars_ge_500,Go,2022,7,1,9144
stars_ge_500,JavaScript,2022,12,1,9137
stars_ge_500,C++,2022,10,1,9083
stars_ge_500,JavaScript,2022,7,1,9075
stars_ge_500,JavaScript,2022,1,1,8951
stars_ge_500,Rust,2022,1,1,8927
stars_ge_500,Go,2022,3,1,8902
stars_ge_500,Python,2022,7,1,8851
stars_ge_500,Python,2022,10,1,8820
stars_ge_500,Python,2022,9,1,8770
stars_ge_500,Vue,2022,3,1,8723
stars_ge_500,JavaScript,2022,5,1,8698
stars_ge_500,Python,2022,5,1,8695
stars_ge_500,Go,2022,11,1,8689
stars_ge_500,Python,2022,9,1,8658
stars_ge_500,JavaScript,2022,10,1,8524
stars_ge_500,Python,2022,12,1,8496
stars_ge_500,TypeScript,2022,3,1,8429
stars_ge_500,Go,2022,10,1,8422
stars_ge_500,Go,2022,3,1,8411
stars_ge_500,Python,2022,5,1,8406
stars_ge_500,Dockerfile,2022,12,1,8359
stars_ge_500,Python,2022,2,1,8343
stars_ge_500,Kotlin,2022,5,1,8309
stars_ge_500,Go,2022,9,1,8274
stars_ge_500,C++,2022,4,1,8260
stars_ge_500,Swift,2022,12,1,8251
stars_ge_500,Rust,2022,3,1,8218
stars_ge_500,Python,2022,12,1,8215
stars_ge_500,Python,2022,9,1,8147
stars_ge_500,Python,2022,9,1,8144
stars_ge_500,C++,2022,9,1,8139
stars_ge_500,Go,2022,10,1,8121
stars_ge_500,C#,2022,6,1,8074
stars_ge_500,Makefile,2022,10,1,8022
stars_ge_500,Vue,2022,4,1,7996
stars_ge_500,Python,2023,3,1,183389
stars_ge_500,Go,2023,6,1,168845
stars_ge_500,Python,2023,2,1,146899
stars_ge_500,TypeScript,2023,4,1,137590
stars_ge_500,Python,2023,10,1,131635
stars_ge_500,TypeScript,2023,1,1,112253
stars_ge_500,TypeScript,2023,11,1,110329
stars_ge_500,Jupyter Notebook,2023,6,1,109294
stars_ge_500,Python,2023,1,1,108661
stars_ge_500,C++,2023,3,1,103505
stars_ge_500,Jupyter Notebook,2023,7,1,90671
stars_ge_500,Python,2023,9,1,90173
stars_ge_500,TypeScript,2023,3,1,87694
stars_ge_500,Rust,2023,10,1,83195
stars_ge_500,Python,2023,12,1,77936
stars_ge_500,C++,2023,3,1,77331
stars_ge_500,TypeScript,2023,1,1,76692
stars_ge_500,Python,2023,2,1,76438
stars_ge_500,TypeScript,2023,5,1,75137
stars_ge_500,Rust,2023,5,1,74142
stars_ge_500,Scala,2023,3,1,73003
stars_ge_500,TypeScript,2023,11,1,72219
stars_ge_500,Python,2023,3,1,70419
stars_ge_500,Python,2023,5,1,70041
stars_ge_500,Go,2023,2,1,68629
stars_ge_500,Python,2023,6,1,67021
stars_ge_500,Python,2023,3,1,65997
stars_ge_500,Python,2023,7,1,63105
stars_ge_500,Python,2023,11,1,61386
stars_ge_500,Jupyter Notebook,2023,7,1,60042
stars_ge_500,Python,2023,2,1,59326
stars_ge_500,JavaScript,2023,6,1,58248
stars_ge_500,Python,2023,5,1,57197
stars_ge_500,Python,2023,8,1,57049
stars_ge_500,Python,2023,4,1,55218
stars_ge_500,Jupyter Notebook,2023,3,1,53922
stars_ge_500,Python,2023,6,1,52930
stars_ge_500,TypeScript,2023,3,1,51860
stars_ge_500,Python,2023,10,1,48792
stars_ge_500,Python,2023,8,1,48058
stars_ge_500,Python,2023,6,1,47802
stars_ge_500,Go,2023,3,1,45362
stars_ge_500,Python,2023,5,1,43277
stars_ge_500,Python,2023,7,1,43166
stars_ge_500,TypeScript,2023,8,1,41742
stars_ge_500,Python,2023,3,1,41168
stars_ge_500,Jupyter Notebook,2023,11,1,40964
stars_ge_500,Python,2023,3,1,39446
stars_ge_500,TypeScript,2023,3,1,39431
stars_ge_500,Jupyter Notebook,2023,8,1,39368
stars_ge_500,Python,2023,5,1,39098
stars_ge_500,Jupyter Notebook,2023,4,1,39075
stars_ge_500,Python,2023,3,1,37812
stars_ge_500,Kotlin,2023,7,1,37770
stars_ge_500,Python,2023,4,1,37286
stars_ge_500,JavaScript,2023,7,1,37044
stars_ge_500,Rust,2023,7,1,36386
stars_ge_500,Java,2023,10,1,36324
stars_ge_500,Python,2023,11,1,36224
stars_ge_500,Dart,2023,8,1,35985
stars_ge_500,TypeScript,2023,4,1,35976
stars_ge_500,Python,2023,5,1,35908
stars_ge_500,HTML,2023,8,1,35830
stars_ge_500,TypeScript,2023,2,1,35581
stars_ge_500,Python,2023,3,1,35207
stars_ge_500,Python,2023,3,1,34163
stars_ge_500,HTML,2023,2,1,33964
stars_ge_500,Python,2023,2,1,33797
stars_ge_500,Python,2023,8,1,33774
stars_ge_500,Python,2023,10,1,33769
stars_ge_500,Python,2023,1,1,33659
stars_ge_500,Rust,2023,3,1,33417
stars_ge_500,TypeScript,2023,3,1,33159
stars_ge_500,TypeScript,2023,6,1,32783
stars_ge_500,Python,2023,8,1,32695
stars_ge_500,TypeScript,2023,5,1,32522
stars_ge_500,C,2023,12,1,32175
stars_ge_500,JavaScript,2023,4,1,31909
stars_ge_500,Vue,2023,2,1,31732
stars_ge_500,Java,2023,12,1,31626
stars_ge_500,Python,2023,5,1,30494
stars_ge_500,Python,2023,3,1,30255
stars_ge_500,TypeScript,2023,6,1,30187
stars_ge_500,Jupyter Notebook,2023,11,1,29688
stars_ge_500,Python,2023,10,1,29373
stars_ge_500,Python,2023,8,1,29156
stars_ge_500,Zig,2023,2,1,28618
stars_ge_500,Dart,2023,5,1,28589
stars_ge_500,Python,2023,10,1,28493
stars_ge_500,Go,2023,8,1,28362
stars_ge_500,TypeScript,2023,7,1,28051
stars_ge_500,Python,2023,3,1,28040
stars_ge_500,C#,2023,2,1,27699
stars_ge_500,TypeScript,2023,2,1,27699
stars_ge_500,Python,2023,8,1,27500
stars_ge_500,Swift,2023,8,1,27258
stars_ge_500,Python,2023,6,1,27082
stars_ge_500,Python,2023,4,1,26923
stars_ge_500,Rust,2023,1,1,26663
stars_ge_500,Go,2023,11,1,26534
stars_ge_500,Python,2023,5,1,26424
stars_ge_500,Rust,2023,5,1,26378
stars_ge_500,Mojo,2023,4,1,25872
stars_ge_500,Python,2023,4,1,25741
stars_ge_500,JavaScript,2023,2,1,25622
stars_ge_500,Rust,2023,11,1,25576
stars_ge_500,Java,2023,6,1,25392
stars_ge_500,C++,2023,11,1,25375
stars_ge_500,TypeScript,2023,3,1,24891
stars_ge_500,TypeScript,2023,5,1,24838
stars_ge_500,Python,2023,4,1,24675
stars_ge_500,Python,2023,3,1,24637
stars_ge_500,Rust,2023,6,1,24479
stars_ge_500,Rust,2023,7,1,24357
stars_ge_500,C++,2023,9,1,24130
stars_ge_500,HTML,2023,5,1,23975
stars_ge_500,Jupyter Notebook,2023,4,1,23764
stars_ge_500,JavaScript,2023,9,1,23599
stars_ge_500,TypeScript,2023,5,1,23467
stars_ge_500,Python,2023,4,1,23454
stars_ge_500,Java,2023,11,1,23293
stars_ge_500,Python,2023,5,1,23258
stars_ge_500,Jupyter Notebook,2023,6,1,23183
stars_ge_500,Python,2023,10,1,23022
stars_ge_500,TypeScript,2023,10,1,22847
stars_ge_500,Rust,2023,8,1,22472
stars_ge_500,Python,2023,4,1,22450
stars_ge_500,TypeScript,2023,11,1,22228
stars_ge_500,Python,2023,4,1,22222
stars_ge_500,Python,2023,5,1,22203
stars_ge_500,Python,2023,2,1,22147
stars_ge_500,Python,2023,10,1,22036
stars_ge_500,Go,2023,10,1,21678
stars_ge_500,Python,2023,7,1,21370
stars_ge_500,Python,2023,3,1,21198
stars_ge_500,Rust,2023,7,1,21196
stars_ge_500,Go,2023,4,1,21025
stars_ge_500,Python,2023,6,1,21006
stars_ge_500,Python,2023,3,1,21000
stars_ge_500,Python,2023,8,1,20980
stars_ge_500,Python,2023,9,1,20711
stars_ge_500,MDX,2023,6,1,20701
stars_ge_500,Rust,2023,2,1,20675
stars_ge_500,Python,2023,8,1,20371
stars_ge_500,Rust,2023,1,1,20360
stars_ge_500,Swift,2023,5,1,20229
stars_ge_500,TypeScript,2023,5,1,20096
stars_ge_500,TypeScript,2023,4,1,20032
stars_ge_500,Kotlin,2023,3,1,20000
stars_ge_500,Rust,2023,6,1,19978
stars_ge_500,TypeScript,2023,8,1,19786
stars_ge_500,Rust,2023,2,1,19742
stars_ge_500,C,2023,7,1,19391
stars_ge_500,Python,2023,3,1,19389
stars_ge_500,Rust,2023,8,1,19309
stars_ge_500,Jupyter Notebook,2023,2,1,19066
stars_ge_500,JavaScript,2023,11,1,18996
stars_ge_500,Python,2023,3,1,18947
stars_ge_500,Jupyter Notebook,2023,3,1,18946
stars_ge_500,Shell,2023,9,1,18862
stars_ge_500,Python,2023,5,1,18810
stars_ge_500,TypeScript,2023,2,1,18519
stars_ge_500,Python,2023,4,1,18494
stars_ge_500,PowerShell,2023,2,1,18398
stars_ge_500,TypeScript,2023,2,1,18378
stars_ge_500,Rust,2023,1,1,18346
stars_ge_500,Jupyter Notebook,2023,7,1,18288
stars_ge_500,Rust,2023,8,1,18214
stars_ge_500,Python,2023,1,1,18193
stars_ge_500,TypeScript,2023,11,1,18109
stars_ge_500,Python,2023,12,1,17957
stars_ge_500,Python,2023,2,1,17873
stars_ge_500,Python,2023,2,1,17824
stars_ge_500,TypeScript,2023,4,1,17762
stars_ge_500,JavaScript,2023,2,1,17650
stars_ge_500,Jupyter Notebook,2023,4,1,17513
stars_ge_500,TypeScript,2023,2,1,17480
stars_ge_500,Python,2023,5,1,17440
stars_ge_500,C,2023,7,1,17109
stars_ge_500,Python,2023,10,1,16866
stars_ge_500,Python,2023,3,1,16683
stars_ge_500,Jupyter Notebook,2023,5,1,16618
stars_ge_500,Go,2023,9,1,16505
stars_ge_500,TypeScript,2023,3,1,16443
stars_ge_500,JavaScript,2023,4,1,16351
stars_ge_500,Python,2023,8,1,16332
stars_ge_500,Python,2023,6,1,16292
stars_ge_500,Java,2023,10,1,16247
stars_ge_500,TypeScript,2023,3,1,16147
stars_ge_500,Python,2023,9,1,15983
stars_ge_500,JavaScript,2023,2,1,15850
stars_ge_500,Jupyter Notebook,2023,6,1,15823
stars_ge_500,Jupyter Notebook,2023,4,1,15725
stars_ge_500,Python,2023,2,1,15724
stars_ge_500,Python,2023,6,1,15614
stars_ge_500,Dart,2023,2,1,15441
stars_ge_500,TypeScript,2023,10,1,15350
stars_ge_500,Python,2023,3,1,15344
stars_ge_500,Go,2023,10,1,15231
stars_ge_500,Python,2023,8,1,15226
stars_ge_500,Swift,2023,3,1,14974
stars_ge_500,JavaScript,2023,3,1,14905
stars_ge_500,Python,2023,9,1,14857
stars_ge_500,Go,2023,1,1,14837
stars_ge_500,Vue,2023,10,1,14823
stars_ge_500,Shell,2023,7,1,14781
stars_ge_500,Python,2023,8,1,14749
stars_ge_500,Dart,2023,10,1,14744
stars_ge_500,Python,2023,7,1,14733
stars_ge_500,TypeScript,2023,8,1,14618
stars_ge_500,Rust,2023,4,1,14250
stars_ge_500,Python,2023,4,1,14214
stars_ge_500,TypeScript,2023,9,1,14155
stars_ge_500,TypeScript,2023,12,1,14055
stars_ge_500,Ruby,2023,1,1,14014
stars_ge_500,Java,2023,1,1,13991
stars_ge_500,JavaScript,2023,7,1,13954
stars_ge_500,HTML,2023,11,1,13834
stars_ge_500,Python,2023,10,1,13725
stars_ge_500,Dart,2023,4,1,13706
stars_ge_500,Python,2023,8,1,13680
stars_ge_500,Python,2023,3,1,13658
stars_ge_500,TypeScript,2023,11,1,13591
stars_ge_500,Python,2023,5,1,13365
stars_ge_500,Python,2023,8,1,13358
stars_ge_500,Rust,2023,9,1,13324
stars_ge_500,Python,2023,5,1,13300
stars_ge_500,C#,2023,8,1,13255
stars_ge_500,Python,2023,7,1,13177
stars_ge_500,CSS,2023,3,1,12957
stars_ge_500,TypeScript,2023,11,1,12947
stars_ge_500,Dart,2023,6,1,12917
stars_ge_500,Python,2023,5,1,12820
stars_ge_500,C#,2023,2,1,12776
stars_ge_500,Python,2023,6,1,12748
stars_ge_500,Vue,2023,6,1,12693
stars_ge_500,Jupyter Notebook,2023,3,1,12689
stars_ge_500,TypeScript,2023,3,1,12615
stars_ge_500,JavaScript,2023,8,1,12608
stars_ge_500,Python,2023,2,1,12553
stars_ge_500,Jupyter Notebook,2023,10,1,12550
stars_ge_500,TypeScript,2023,6,1,12498
stars_ge_500,Jupyter Notebook,2023,10,1,12430
stars_ge_500,Swift,2023,11,1,12313
stars_ge_500,Rust,2023,3,1,12313
stars_ge_500,Python,2023,4,1,12278
stars_ge_500,TypeScript,2023,2,1,12248
stars_ge_500,Python,2023,3,1,12242
stars_ge_500,Python,2023,4,1,12232
stars_ge_500,Python,2023,12,1,12220
stars_ge_500,Python,2023,5,1,12188
stars_ge_500,Python,2023,3,1,12139
stars_ge_500,Python,2023,6,1,12098
stars_ge_500,Python,2023,4,1,12088
stars_ge_500,Python,2023,2,1,12027
stars_ge_500,Ruby,2023,1,1,12001
stars_ge_500,Python,2023,3,1,11977
stars_ge_500,Python,2023,1,1,11964
stars_ge_500,Python,2023,12,1,11938
stars_ge_500,Jupyter Notebook,2023,5,1,11914
stars_ge_500,Python,2023,3,1,11906
stars_ge_500,C#,2023,8,1,11789
stars_ge_500,Jupyter Notebook,2023,8,1,11771
stars_ge_500,Ruby,2023,7,1,11716
stars_ge_500,Python,2023,3,1,11692
stars_ge_500,Python,2023,4,1,11677
stars_ge_500,Python,2023,2,1,11627
stars_ge_500,Python,2023,4,1,11603
stars_ge_500,Java,2023,6,1,11583
stars_ge_500,Python,2023,8,1,11533
stars_ge_500,Python,2023,3,1,11519
stars_ge_500,TypeScript,2023,7,1,11516
stars_ge_500,Python,2023,8,1,11382
stars_ge_500,HTML,2024,5,1,157050
stars_ge_500,TypeScript,2024,4,1,108622
stars_ge_500,Python,2024,11,1,106754
stars_ge_500,Python,2024,4,1,105312
stars_ge_500,Python,2024,12,1,102605
stars_ge_500,Python,2024,10,1,87625
stars_ge_500,TypeScript,2024,11,1,83664
stars_ge_500,TypeScript,2024,2,1,72318
stars_ge_500,Python,2024,3,1,71130
stars_ge_500,Python,2024,5,1,63930
stars_ge_500,C++,2024,5,1,62343
stars_ge_500,TypeScript,2024,7,1,60227
stars_ge_500,Python,2024,2,1,59652
stars_ge_500,Python,2024,7,1,57736
stars_ge_500,Python,2024,1,1,56637
stars_ge_500,Jupyter Notebook,2024,11,1,56606
stars_ge_500,Python,2024,3,1,55615
stars_ge_500,Ruby,2024,1,1,54073
stars_ge_500,Python,2024,11,1,52849
stars_ge_500,Python,2024,3,1,51518
stars_ge_500,Shell,2024,1,1,50898
stars_ge_500,Python,2024,12,1,50106
stars_ge_500,Python,2024,7,1,46738
stars_ge_500,Python,2024,6,1,43554
stars_ge_500,TypeScript,2024,5,1,43419
stars_ge_500,Rust,2024,8,1,41810
stars_ge_500,JavaScript,2024,3,1,41440
stars_ge_500,Go,2024,1,1,40598
stars_ge_500,Python,2024,7,1,40387
stars_ge_500,JavaScript,2024,3,1,40267
stars_ge_500,Python,2024,5,1,39073
stars_ge_500,MDX,2024,9,1,39040
stars_ge_500,Python,2024,8,1,38217
stars_ge_500,TypeScript,2024,12,1,38043
stars_ge_500,TypeScript,2024,4,1,38040
stars_ge_500,JavaScript,2024,8,1,37988
stars_ge_500,MDX,2024,5,1,36770
stars_ge_500,Shell,2024,5,1,36714
stars_ge_500,Python,2024,10,1,36698
stars_ge_500,TypeScript,2024,11,1,36623
stars_ge_500,Jupyter Notebook,2024,4,1,34645
stars_ge_500,TypeScript,2024,4,1,33729
stars_ge_500,Jupyter Notebook,2024,10,1,33491
stars_ge_500,Go,2024,4,1,33356
stars_ge_500,Python,2024,10,1,33113
stars_ge_500,Python,2024,9,1,33040
stars_ge_500,TypeScript,2024,4,1,32995
stars_ge_500,Python,2024,3,1,32200
stars_ge_500,TypeScript,2024,4,1,31501
stars_ge_500,Python,2024,8,1,29657
stars_ge_500,Cuda,2024,4,1,29551
stars_ge_500,Python,2024,2,1,29420
stars_ge_500,Python,2024,3,1,29292
stars_ge_500,Python,2024,2,1,28871
stars_ge_500,Jupyter Notebook,2024,5,1,28754
stars_ge_500,TypeScript,2024,9,1,28562
stars_ge_500,Python,2024,3,1,28076
stars_ge_500,TypeScript,2024,5,1,27786
stars_ge_500,TypeScript,2024,2,1,27770
stars_ge_500,Shell,2024,11,1,27592
stars_ge_500,Jupyter Notebook,2024,4,1,27278
stars_ge_500,Python,2024,2,1,27095
stars_ge_500,Jupyter Notebook,2024,7,1,26747
stars_ge_500,Python,2024,12,1,26589
stars_ge_500,Kotlin,2024,9,1,26468
stars_ge_500,Shell,2024,12,1,26216
stars_ge_500,HTML,2024,2,1,26141
stars_ge_500,Batchfile,2024,10,1,25906
stars_ge_500,Python,2024,1,1,25747
stars_ge_500,C++,2024,8,1,25605
stars_ge_500,C,2024,3,1,25445
stars_ge_500,Python,2024,8,1,25399
stars_ge_500,Python,2024,3,1,25271
stars_ge_500,JavaScript,2024,11,1,25239
stars_ge_500,TypeScript,2024,6,1,25081
stars_ge_500,Jupyter Notebook,2024,6,1,25045
stars_ge_500,Python,2024,8,1,24866
stars_ge_500,Go,2024,9,1,24762
stars_ge_500,TypeScript,2024,2,1,24644
stars_ge_500,Jupyter Notebook,2024,9,1,24624
stars_ge_500,Python,2024,11,1,24508
stars_ge_500,Python,2024,1,1,24357
stars_ge_500,Dart,2024,5,1,23551
stars_ge_500,Python,2024,1,1,23543
stars_ge_500,Python,2024,2,1,23516
stars_ge_500,TypeScript,2024,7,1,23471
stars_ge_500,JavaScript,2024,4,1,23405
stars_ge_500,Python,2024,1,1,23294
stars_ge_500,Python,2024,1,1,23185
stars_ge_500,TypeScript,2024,10,1,23101
stars_ge_500,TypeScript,2024,8,1,22957
stars_ge_500,Python,2024,9,1,22624
stars_ge_500,TypeScript,2024,8,1,22614
stars_ge_500,TypeScript,2024,3,1,22234
stars_ge_500,TypeScript,2024,10,1,22135
stars_ge_500,TypeScript,2024,3,1,22054
stars_ge_500,TypeScript,2024,8,1,21818
stars_ge_500,TypeScript,2024,2,1,21745
stars_ge_500,Python,2024,9,1,21608
stars_ge_500,Python,2024,2,1,21296
stars_ge_500,Jupyter Notebook,2024,9,1,21197
stars_ge_500,Python,2024,2,1,21139
stars_ge_500,TypeScript,2024,9,1,21047
stars_ge_500,Go,2024,7,1,20858
stars_ge_500,Python,2024,10,1,20652
stars_ge_500,Jupyter Notebook,2024,5,1,20549
stars_ge_500,Python,2024,7,1,20546
stars_ge_500,TypeScript,2024,9,1,20216
stars_ge_500,Kotlin,2024,1,1,19832
stars_ge_500,TypeScript,2024,10,1,19605
stars_ge_500,Python,2024,1,1,19580
stars_ge_500,TypeScript,2024,10,1,19501
stars_ge_500,Python,2024,3,1,19498
stars_ge_500,Shell,2024,6,1,19462
stars_ge_500,TypeScript,2024,9,1,19359
stars_ge_500,TypeScript,2024,2,1,19331
stars_ge_500,Python,2024,4,1,18978
stars_ge_500,Jupyter Notebook,2024,8,1,18953
stars_ge_500,Jupyter Notebook,2024,7,1,18934
stars_ge_500,Python,2024,1,1,18677
stars_ge_500,Python,2024,7,1,18660
stars_ge_500,TypeScript,2024,7,1,18173
stars_ge_500,Rust,2024,6,1,18163
stars_ge_500,Python,2024,7,1,18129
stars_ge_500,Python,2024,2,1,17914
stars_ge_500,Lua,2024,8,1,17767
stars_ge_500,Python,2024,10,1,17693
stars_ge_500,Python,2024,9,1,17121
stars_ge_500,Go,2024,3,1,17116
stars_ge_500,C,2024,7,1,17016
stars_ge_500,Jupyter Notebook,2024,3,1,16994
stars_ge_500,TypeScript,2024,11,1,16994
stars_ge_500,Python,2024,1,1,16990
stars_ge_500,Python,2024,6,1,16982
stars_ge_500,Python,2024,7,1,16965
stars_ge_500,Python,2024,4,1,16915
stars_ge_500,Python,2024,8,1,16736
stars_ge_500,TypeScript,2024,4,1,16423
stars_ge_500,Python,2024,1,1,16382
stars_ge_500,Python,2024,4,1,16358
stars_ge_500,Rust,2024,2,1,16352
stars_ge_500,Python,2024,6,1,16331
stars_ge_500,TypeScript,2024,9,1,16316
stars_ge_500,Jupyter Notebook,2024,4,1,16231
stars_ge_500,Python,2024,8,1,16132
stars_ge_500,Python,2024,8,1,16070
stars_ge_500,TypeScript,2024,9,1,15676
stars_ge_500,TypeScript,2024,3,1,15505
stars_ge_500,TypeScript,2024,12,1,15426
stars_ge_500,Jupyter Notebook,2024,5,1,15241
stars_ge_500,TypeScript,2024,6,1,15208
stars_ge_500,TypeScript,2024,2,1,15047
stars_ge_500,TypeScript,2024,3,1,14922
stars_ge_500,PHP,2024,3,1,14847
stars_ge_500,Jupyter Notebook,2024,12,1,14675
stars_ge_500,Svelte,2024,11,1,14586
stars_ge_500,Go,2024,6,1,14538
stars_ge_500,Kotlin,2024,7,1,14361
stars_ge_500,Python,2024,11,1,14327
stars_ge_500,Python,2024,10,1,14326
stars_ge_500,Python,2024,10,1,14030
stars_ge_500,Python,2024,1,1,13943
stars_ge_500,Python,2024,7,1,13808
stars_ge_500,Python,2024,7,1,13705
stars_ge_500,HTML,2024,1,1,13534
stars_ge_500,TypeScript,2024,6,1,13413
stars_ge_500,Jupyter Notebook,2024,8,1,13213
stars_ge_500,Python,2024,2,1,13091
stars_ge_500,Dart,2024,8,1,12779
stars_ge_500,C,2024,12,1,12732
stars_ge_500,TypeScript,2024,12,1,12683
stars_ge_500,TypeScript,2024,7,1,12607
stars_ge_500,TypeScript,2024,2,1,12578
stars_ge_500,Python,2024,4,1,12485
stars_ge_500,Python,2024,1,1,12449
stars_ge_500,TypeScript,2024,1,1,12347
stars_ge_500,TypeScript,2024,11,1,12215
stars_ge_500,TypeScript,2024,7,1,12202
stars_ge_500,SystemVerilog,2024,4,1,12182
stars_ge_500,TypeScript,2024,9,1,12177
stars_ge_500,Python,2024,12,1,12169
stars_ge_500,Python,2024,2,1,12156
stars_ge_500,Python,2024,11,1,11965
stars_ge_500,Shell,2024,3,1,11810
stars_ge_500,JavaScript,2024,7,1,11810
stars_ge_500,TypeScript,2024,1,1,11735
stars_ge_500,Python,2024,5,1,11724
stars_ge_500,TypeScript,2024,8,1,11599
stars_ge_500,TypeScript,2024,1,1,11454
stars_ge_500,HTML,2024,9,1,11443
stars_ge_500,PowerShell,2024,6,1,11310
stars_ge_500,Python,2024,5,1,11283
stars_ge_500,TypeScript,2024,2,1,11269
stars_ge_500,Java,2024,1,1,11266
stars_ge_500,Rust,2024,3,1,11252
stars_ge_500,TypeScript,2024,8,1,11241
stars_ge_500,Python,2024,10,1,11236
stars_ge_500,Rust,2024,7,1,11207
stars_ge_500,Python,2024,6,1,11160
stars_ge_500,TypeScript,2024,6,1,11115
stars_ge_500,Python,2024,11,1,11097
stars_ge_500,Rust,2024,12,1,11067
stars_ge_500,Rust,2024,6,1,10955
stars_ge_500,TypeScript,2024,4,1,10927
stars_ge_500,Python,2024,10,1,10840
stars_ge_500,TypeScript,2024,6,1,10644
stars_ge_500,TypeScript,2024,1,1,10635
stars_ge_500,Go,2024,12,1,10599
stars_ge_500,TypeScript,2024,4,1,10547
stars_ge_500,Python,2024,2,1,10423
stars_ge_500,Kotlin,2024,1,1,10420
stars_ge_500,Python,2024,6,1,10400
stars_ge_500,TypeScript,2024,8,1,10397
stars_ge_500,Python,2024,12,1,10398
stars_ge_500,TypeScript,2024,1,1,10230
stars_ge_500,Python,2024,12,1,10087
stars_ge_500,TypeScript,2024,8,1,10059
stars_ge_500,TypeScript,2024,10,1,10044
stars_ge_500,Python,2024,8,1,10020
stars_ge_500,Python,2024,11,1,9976
stars_ge_500,Python,2024,12,1,9883
stars_ge_500,Go,2024,12,1,9847
stars_ge_500,Python,2024,6,1,9575
stars_ge_500,TypeScript,2024,4,1,9574
stars_ge_500,PHP,2024,7,1,9546
stars_ge_500,TypeScript,2024,10,1,9518
stars_ge_500,Python,2024,2,1,9512
stars_ge_500,Go,2024,10,1,9476
stars_ge_500,TypeScript,2024,10,1,9416
stars_ge_500,Rust,2024,5,1,9262
stars_ge_500,Dart,2024,9,1,9251
stars_ge_500,MDX,2024,6,1,9247
stars_ge_500,Java,2024,9,1,9212
stars_ge_500,TypeScript,2024,2,1,9184
stars_ge_500,TypeScript,2024,2,1,9181
stars_ge_500,Python,2024,5,1,9180
stars_ge_500,JavaScript,2024,6,1,9175
stars_ge_500,TypeScript,2024,6,1,9083
stars_ge_500,Python,2024,12,1,9025
stars_ge_500,C++,2024,7,1,8987
stars_ge_500,Svelte,2024,10,1,8956
stars_ge_500,Jupyter Notebook,2024,1,1,8806
stars_ge_500,Vue,2024,12,1,8795
stars_ge_500,Python,2024,8,1,8766
stars_ge_500,Python,2024,1,1,8765
stars_ge_500,TypeScript,2024,4,1,8756
stars_ge_500,Shell,2024,10,1,8737
stars_ge_500,Python,2024,4,1,8721
stars_ge_500,TypeScript,2024,3,1,8677
stars_ge_500,Python,2024,9,1,8671
stars_ge_500,Jupyter Notebook,2024,4,1,8670
stars_ge_500,Ruby,2024,3,1,8653
stars_ge_500,Python,2024,6,1,8641
stars_ge_500,Go,2024,11,1,8582
stars_ge_500,Go,2024,8,1,8518
stars_ge_500,TypeScript,2024,7,1,8477
stars_ge_500,Jupyter Notebook,2024,3,1,8469
stars_ge_500,TypeScript,2024,7,1,8467
stars_ge_500,Python,2024,1,1,8467
stars_ge_500,Python,2024,1,1,8456
stars_ge_500,TypeScript,2024,3,1,8422
stars_ge_500,Python,2024,5,1,8408
stars_ge_500,PHP,2024,1,1,8407
stars_ge_500,Go,2024,2,1,8331
stars_ge_500,C,2024,3,1,8330
stars_ge_500,Python,2024,6,1,8325
stars_ge_500,Python,2024,12,1,8262
stars_ge_500,TypeScript,2024,4,1,8228
stars_ge_500,Swift,2024,8,1,8214
stars_ge_500,Rust,2024,12,1,8205
stars_ge_500,Swift,2024,4,1,8161
stars_ge_500,TypeScript,2024,4,1,8159
stars_ge_500,Shell,2024,1,1,8158
stars_ge_500,Python,2024,9,1,8109
stars_ge_500,Python,2024,11,1,8107
stars_ge_500,TypeScript,2024,1,1,8102
stars_ge_500,Dart,2024,3,1,8063
stars_ge_500,Python,2024,1,1,8061
stars_ge_500,Jupyter Notebook,2024,1,1,8021
stars_ge_500,Shell,2024,5,1,8015
stars_ge_500,JavaScript,2024,11,1,8002
stars_ge_500,Python,2024,5,1,7974
